date,site,stake,depth,flag,hit_type,crew,notes
9/10/2004,BFBURN,1,55,G,,,
9/10/2004,BFBURN,2,53,G,,,
9/10/2004,BFBURN,3,59,G,,,
9/10/2004,BFBURN,4,54,G,,,
9/10/2004,BFBURN,5,49,G,,,
9/10/2004,BFBURN,6,54,G,,,
9/10/2004,BFBURN,7,47,G,,,
9/10/2004,BFBURN,8,55,G,,,
9/10/2004,BFBURN,9,49,G,,,
9/10/2004,BFBURN,10,48,G,,,
9/10/2005,BFBURN,1,104,G,,,
9/10/2005,BFBURN,2,95,G,,,
9/10/2005,BFBURN,3,93,G,,,
9/10/2005,BFBURN,4,94,G,,,
9/10/2005,BFBURN,5,85,G,,,
9/10/2005,BFBURN,6,84,G,,,
9/10/2005,BFBURN,7,80,G,,,
9/10/2005,BFBURN,8,87,G,,,
9/10/2005,BFBURN,9,95,G,,,
9/10/2005,BFBURN,10,85,G,,,
9/12/2006,BFBURN,1,120,G,,,
9/12/2006,BFBURN,2,109,G,,,
9/12/2006,BFBURN,3,104,G,,,
9/12/2006,BFBURN,4,97,G,,,
9/12/2006,BFBURN,5,96,G,,,
9/12/2006,BFBURN,6,92,G,,,
9/12/2006,BFBURN,7,93,G,,,
9/12/2006,BFBURN,8,92,G,,,
9/12/2006,BFBURN,9,95,G,,,
9/12/2006,BFBURN,10,93,G,,,
9/13/2007,BFBURN,1,130,G,,,
9/13/2007,BFBURN,2,124,G,,,
9/13/2007,BFBURN,3,114,G,,,
9/13/2007,BFBURN,4,97,G,,,
9/13/2007,BFBURN,5,87,G,,,
9/13/2007,BFBURN,6,96,G,,,
9/13/2007,BFBURN,7,91,G,,,
9/13/2007,BFBURN,8,98,G,,,
9/13/2007,BFBURN,9,94,G,,,
9/13/2007,BFBURN,10,94,G,,,
9/23/2008,BFBURN,1,153,G,,,
9/23/2008,BFBURN,2,143,G,,,
9/23/2008,BFBURN,3,130,G,,,
9/23/2008,BFBURN,4,115,G,,,
9/23/2008,BFBURN,5,103,G,,,
9/23/2008,BFBURN,6,98,G,,,
9/23/2008,BFBURN,7,95,G,,,
9/23/2008,BFBURN,8,104,G,,,
9/23/2008,BFBURN,9,96,G,,,
9/23/2008,BFBURN,10,97,G,,,
9/21/2009,BFBURN,1,154,G,,,
9/21/2009,BFBURN,2,100,G,,,
9/21/2009,BFBURN,3,139,G,,,
9/21/2009,BFBURN,4,117,G,,,
9/21/2009,BFBURN,5,119,G,,,
9/21/2009,BFBURN,6,94,G,,,
9/21/2009,BFBURN,7,92,G,,,
9/21/2009,BFBURN,8,100,G,,,
9/21/2009,BFBURN,9,86,G,,,
9/21/2009,BFBURN,10,90,G,,,
9/29/2010,BFBURN,1,162,G,,,
9/29/2010,BFBURN,2,74,G,,,
9/29/2010,BFBURN,3,153,G,,,
9/29/2010,BFBURN,4,73,G,,,
9/29/2010,BFBURN,5,108,G,,,
9/29/2010,BFBURN,6,73,G,,,
9/29/2010,BFBURN,7,100,G,,,
9/29/2010,BFBURN,8,106,G,,,
9/29/2010,BFBURN,9,96,G,,,
9/29/2010,BFBURN,10,90,G,,,
9/27/2011,BFBURN,1,177,G,,,
9/27/2011,BFBURN,2,70,G,,,
9/27/2011,BFBURN,3,157,G,,,
9/27/2011,BFBURN,4,137,G,,,
9/27/2011,BFBURN,5,122,G,,,
9/27/2011,BFBURN,6,108,G,,,
9/27/2011,BFBURN,7,117,G,,,
9/27/2011,BFBURN,8,112,G,,,
9/27/2011,BFBURN,9,95,G,,,
9/27/2011,BFBURN,10,92,G,,,
9/25/2012,BFBURN,1,175,G,,,
9/25/2012,BFBURN,2,171,G,,,
9/25/2012,BFBURN,3,157,G,,,
9/25/2012,BFBURN,4,92,G,,,
9/25/2012,BFBURN,5,127,G,,,
9/25/2012,BFBURN,6,96,G,,,
9/25/2012,BFBURN,7,110,G,,,
9/25/2012,BFBURN,8,100,G,,,
9/25/2012,BFBURN,9,87,G,,,
9/25/2012,BFBURN,10,99,G,,,
10/2/2013,BFBURN,1,166,G,,,
10/2/2013,BFBURN,2,167,G,,,
10/2/2013,BFBURN,3,175,G,,,
10/2/2013,BFBURN,4,152,G,,,
10/2/2013,BFBURN,5,118,G,,,
10/2/2013,BFBURN,6,83,G,,,
10/2/2013,BFBURN,7,114,G,,,
10/2/2013,BFBURN,8,88,G,,,
10/2/2013,BFBURN,9,68,G,,,
10/2/2013,BFBURN,10,74,G,,,
9/24/2014,BFBURN,1,183,G,,,
9/24/2014,BFBURN,2,177,G,,,
9/24/2014,BFBURN,3,180,G,,,
9/24/2014,BFBURN,4,150,G,,,
9/24/2014,BFBURN,5,135,G,,,
9/24/2014,BFBURN,6,123,G,,,
9/24/2014,BFBURN,7,127,G,,,
9/24/2014,BFBURN,8,120,G,,,
9/24/2014,BFBURN,9,99,G,,,
9/24/2014,BFBURN,10,93,G,,,
9/18/2015,BFBURN,1,180,G,,,
9/18/2015,BFBURN,2,173,G,,,
9/18/2015,BFBURN,3,156,G,,,
9/18/2015,BFBURN,4,143,G,,,
9/18/2015,BFBURN,5,125,G,,,
9/18/2015,BFBURN,6,84,R,,,
9/18/2015,BFBURN,7,130,G,,,
9/18/2015,BFBURN,8,82,G,,,
9/18/2015,BFBURN,9,76,G,,,
9/18/2015,BFBURN,10,96,G,,,
9/28/2016,BFBURN,1,195,G,,,
9/28/2016,BFBURN,2,191,G,,,
9/28/2016,BFBURN,3,183,G,,,
9/28/2016,BFBURN,4,158,G,,,
9/28/2016,BFBURN,5,143,G,,,
9/28/2016,BFBURN,6,133,G,,,
9/28/2016,BFBURN,7,139,G,,,
9/28/2016,BFBURN,8,116,G,,,
9/28/2016,BFBURN,9,104,G,,,
9/28/2016,BFBURN,10,106,G,,,
9/29/2017,BFBURN,1,195,G,,,
9/29/2017,BFBURN,2,187,G,,,
9/29/2017,BFBURN,3,184,G,,,
9/29/2017,BFBURN,4,151,G,,,
9/29/2017,BFBURN,5,134,G,,,
9/29/2017,BFBURN,6,127,G,,,
9/29/2017,BFBURN,7,123,G,,,
9/29/2017,BFBURN,8,113,G,,,
9/29/2017,BFBURN,9,74,G,,,
9/29/2017,BFBURN,10,103,G,,,
10/9/2018,BFBURN,1,84,G,,,
10/9/2018,BFBURN,2,190,G,,,
10/9/2018,BFBURN,3,192,G,,,
10/9/2018,BFBURN,4,177,G,,,
10/9/2018,BFBURN,5,173,G,,,
10/9/2018,BFBURN,6,160,G,,,
10/9/2018,BFBURN,7,146,G,,,
10/9/2018,BFBURN,8,123,G,,,
10/9/2018,BFBURN,9,113,G,,,
10/9/2018,BFBURN,10,110,G,,,
10/2/2020,BFBURN,1,82,G,Ice,Maw,
10/2/2020,BFBURN,2,193,G,Ice,Maw,
10/2/2020,BFBURN,3,192,G,Ice,Maw,
10/2/2020,BFBURN,4,180,G,Ice,Maw,
10/2/2020,BFBURN,5,178,G,Ice,Maw,
10/2/2020,BFBURN,6,158,G,Ice,Maw,
10/2/2020,BFBURN,7,159,G,Ice,Maw,
10/2/2020,BFBURN,8,130,G,Ice,Maw,
10/2/2020,BFBURN,9,110,G,Ice,Maw,
10/2/2020,BFBURN,10,108,G,Ice,Maw,
9/21/2021,BFBURN,1,207,G,Ice,"MAW, OPH",
9/21/2021,BFBURN,2,194,G,Ice,"MAW, OPH",
9/21/2021,BFBURN,3,192,G,Ice,"MAW, OPH",
9/21/2021,BFBURN,4,183,G,Ice,"MAW, OPH",
9/21/2021,BFBURN,5,182,G,Ice,"MAW, OPH",
9/21/2021,BFBURN,6,179,G,Ice,"MAW, OPH",
9/21/2021,BFBURN,7,156,G,Ice,"MAW, OPH",
9/21/2021,BFBURN,8,123,G,Ice,"MAW, OPH",
9/21/2021,BFBURN,9,114,G,Ice,"MAW, OPH",
9/21/2021,BFBURN,10,111,G,Ice,"MAW, OPH",
9/27/2022,BFBURN,10,67,G,Ice,Jh mw,
9/27/2022,BFBURN,9,55,G,Ice,Jh mw,
9/27/2022,BFBURN,8,79,G,Ice,Jh mw,
9/27/2022,BFBURN,1,200,G,Ice,Jh mw,
9/27/2022,BFBURN,2,195,G,Rock,Jh mw,
9/27/2022,BFBURN,7,188,G,Ice,Jh mw,
9/27/2022,BFBURN,3,155,G,Ice,Jh mw,
9/27/2022,BFBURN,6,178,G,Ice,Jh mw,Rocky layer at 77
9/27/2022,BFBURN,4,130,G,Ice,Jh mw,
9/27/2022,BFBURN,5,191,G,Rock,Jh mw,
10/3/2023,BFBURN,1,204,G,Ice,KO,
10/3/2023,BFBURN,2,193,G,Ice,KO,
10/3/2023,BFBURN,3,190,G,Ice,KO,
10/3/2023,BFBURN,4,178,G,Ice,KO,
10/3/2023,BFBURN,5,176,G,Ice,KO,
10/3/2023,BFBURN,6,171,G,Ice,KO,
10/3/2023,BFBURN,7,132,G,Ice,KO,
10/3/2023,BFBURN,8,88,G,Rock,KO,May be ice. Not sure
10/3/2023,BFBURN,9,85,G,Ice,KO,
10/3/2023,BFBURN,10,72,G,Ice,KO,
9/10/2004,BFCONTROL,1,45,G,,,
9/10/2004,BFCONTROL,2,48,G,,,
9/10/2004,BFCONTROL,3,48,G,,,
9/10/2004,BFCONTROL,4,42,G,,,
9/10/2004,BFCONTROL,5,38,G,,,
9/10/2004,BFCONTROL,6,35,G,,,
9/10/2004,BFCONTROL,7,48,G,,,
9/10/2004,BFCONTROL,8,53,G,,,
9/10/2004,BFCONTROL,9,50,G,,,
9/10/2004,BFCONTROL,10,53,G,,,
9/10/2005,BFCONTROL,1,55,G,,,
9/10/2005,BFCONTROL,2,53,G,,,
9/10/2005,BFCONTROL,3,51,G,,,
9/10/2005,BFCONTROL,4,51,G,,,
9/10/2005,BFCONTROL,5,50,G,,,
9/10/2005,BFCONTROL,6,46,G,,,
9/10/2005,BFCONTROL,7,57,G,,,
9/10/2005,BFCONTROL,8,52,G,,,
9/10/2005,BFCONTROL,9,57,G,,,
9/10/2005,BFCONTROL,10,64,G,,,
9/12/2006,BFCONTROL,1,44,G,,,
9/12/2006,BFCONTROL,2,42,G,,,
9/12/2006,BFCONTROL,3,51,G,,,
9/12/2006,BFCONTROL,4,52,G,,,
9/12/2006,BFCONTROL,5,39,G,,,
9/12/2006,BFCONTROL,6,39,G,,,
9/12/2006,BFCONTROL,7,49,G,,,
9/12/2006,BFCONTROL,8,58,G,,,
9/12/2006,BFCONTROL,9,54,G,,,
9/12/2006,BFCONTROL,10,59,G,,,
9/13/2007,BFCONTROL,1,50,G,,,
9/13/2007,BFCONTROL,2,42,G,,,
9/13/2007,BFCONTROL,3,47,G,,,
9/13/2007,BFCONTROL,4,49,G,,,
9/13/2007,BFCONTROL,5,51,G,,,
9/13/2007,BFCONTROL,6,39,G,,,
9/13/2007,BFCONTROL,7,50,G,,,
9/13/2007,BFCONTROL,8,50,G,,,
9/13/2007,BFCONTROL,9,55,G,,,
9/13/2007,BFCONTROL,10,60,G,,,
9/23/2008,BFCONTROL,1,52,G,,,
9/23/2008,BFCONTROL,2,42,G,,,
9/23/2008,BFCONTROL,3,55,G,,,
9/23/2008,BFCONTROL,4,56,G,,,
9/23/2008,BFCONTROL,5,45,G,,,
9/23/2008,BFCONTROL,6,41,G,,,
9/23/2008,BFCONTROL,7,56,G,,,
9/23/2008,BFCONTROL,8,58,G,,,
9/23/2008,BFCONTROL,9,52,G,,,
9/23/2008,BFCONTROL,10,58,G,,,
9/21/2009,BFCONTROL,1,54,G,,,
9/21/2009,BFCONTROL,2,50,G,,,
9/21/2009,BFCONTROL,3,55,G,,,
9/21/2009,BFCONTROL,4,45,G,,,
9/21/2009,BFCONTROL,5,42,G,,,
9/21/2009,BFCONTROL,6,40,G,,,
9/21/2009,BFCONTROL,7,49,G,,,
9/21/2009,BFCONTROL,8,49,G,,,
9/21/2009,BFCONTROL,9,53,G,,,
9/21/2009,BFCONTROL,10,57,G,,,
9/29/2010,BFCONTROL,1,54,G,,,
9/29/2010,BFCONTROL,2,44,G,,,
9/29/2010,BFCONTROL,3,50,G,,,
9/29/2010,BFCONTROL,4,45,G,,,
9/29/2010,BFCONTROL,5,40,G,,,
9/29/2010,BFCONTROL,6,40,G,,,
9/29/2010,BFCONTROL,7,50,G,,,
9/29/2010,BFCONTROL,8,46,G,,,
9/29/2010,BFCONTROL,9,52,G,,,
9/29/2010,BFCONTROL,10,58,G,,,
9/27/2011,BFCONTROL,1,53,G,,,
9/27/2011,BFCONTROL,2,45,G,,,
9/27/2011,BFCONTROL,3,39,G,,,
9/27/2011,BFCONTROL,4,48,G,,,
9/27/2011,BFCONTROL,5,47,G,,,
9/27/2011,BFCONTROL,6,43,G,,,
9/27/2011,BFCONTROL,7,53,G,,,
9/27/2011,BFCONTROL,8,50,G,,,
9/27/2011,BFCONTROL,9,58,G,,,
9/27/2011,BFCONTROL,10,58,G,,,
9/25/2012,BFCONTROL,1,50,G,,,
9/25/2012,BFCONTROL,2,45,G,,,
9/25/2012,BFCONTROL,3,46,G,,,
9/25/2012,BFCONTROL,4,39,G,,,
9/25/2012,BFCONTROL,5,48,G,,,
9/25/2012,BFCONTROL,6,48,G,,,
9/25/2012,BFCONTROL,7,42,G,,,
9/25/2012,BFCONTROL,8,45,G,,,
9/25/2012,BFCONTROL,9,57,G,,,
9/25/2012,BFCONTROL,10,57,G,,,
10/2/2013,BFCONTROL,1,49,G,,,
10/2/2013,BFCONTROL,2,45,G,,,
10/2/2013,BFCONTROL,3,43,G,,,
10/2/2013,BFCONTROL,4,46,G,,,
10/2/2013,BFCONTROL,5,39,G,,,
10/2/2013,BFCONTROL,6,46,G,,,
10/2/2013,BFCONTROL,7,46,G,,,
10/2/2013,BFCONTROL,8,54,G,,,
10/2/2013,BFCONTROL,9,53,G,,,
10/2/2013,BFCONTROL,10,56,G,,,
9/24/2014,BFCONTROL,1,52,G,,,
9/24/2014,BFCONTROL,2,50,G,,,
9/24/2014,BFCONTROL,3,46,G,,,
9/24/2014,BFCONTROL,4,44,G,,,
9/24/2014,BFCONTROL,5,39,G,,,
9/24/2014,BFCONTROL,6,46,G,,,
9/24/2014,BFCONTROL,7,50,G,,,
9/24/2014,BFCONTROL,8,48,G,,,
9/24/2014,BFCONTROL,9,51,G,,,
9/24/2014,BFCONTROL,10,66,G,,,
9/18/2015,BFCONTROL,1,49,G,,,
9/18/2015,BFCONTROL,2,44,G,,,
9/18/2015,BFCONTROL,3,47,G,,,
9/18/2015,BFCONTROL,4,45,G,,,
9/18/2015,BFCONTROL,5,43,G,,,
9/18/2015,BFCONTROL,6,49,G,,,
9/18/2015,BFCONTROL,7,54,G,,,
9/18/2015,BFCONTROL,8,49,G,,,
9/18/2015,BFCONTROL,9,57,G,,,
9/18/2015,BFCONTROL,10,60,G,,,
9/28/2016,BFCONTROL,1,68,G,,,
9/28/2016,BFCONTROL,2,59,G,,,
9/28/2016,BFCONTROL,3,58,G,,,
9/28/2016,BFCONTROL,4,61,G,,,
9/28/2016,BFCONTROL,5,55,G,,,
9/28/2016,BFCONTROL,6,59,G,,,
9/28/2016,BFCONTROL,7,69,G,,,
9/28/2016,BFCONTROL,8,65,G,,,
9/28/2016,BFCONTROL,9,66,G,,,
9/28/2016,BFCONTROL,10,74,G,,,
9/29/2017,BFCONTROL,1,61,G,,,
9/29/2017,BFCONTROL,2,54,G,,,
9/29/2017,BFCONTROL,3,57,G,,,
9/29/2017,BFCONTROL,4,62,G,,,
9/29/2017,BFCONTROL,5,47,G,,,
9/29/2017,BFCONTROL,6,53,G,,,
9/29/2017,BFCONTROL,7,55,G,,,
9/29/2017,BFCONTROL,8,62,G,,,
9/29/2017,BFCONTROL,9,64,G,,,
9/29/2017,BFCONTROL,10,69,,,,
10/9/2018,BFCONTROL,1,63,G,,,
10/9/2018,BFCONTROL,2,47,G,,,
10/9/2018,BFCONTROL,3,58,G,,,
10/9/2018,BFCONTROL,4,38,G,,,
10/9/2018,BFCONTROL,5,42,G,,,
10/9/2018,BFCONTROL,6,51,G,,,
10/9/2018,BFCONTROL,7,57,G,,,
10/9/2018,BFCONTROL,8,61,G,,,
10/9/2018,BFCONTROL,9,58,G,,,
10/9/2018,BFCONTROL,10,65,G,,,
10/8/2019,BFCONTROL,1,71,G,Ice,Maw,This is control
10/8/2019,BFCONTROL,2,71,G,Ice,Maw,
10/8/2019,BFCONTROL,3,66,G,Ice,Maw,
10/8/2019,BFCONTROL,4,67,G,Ice,Maw,
10/8/2019,BFCONTROL,5,53,G,Ice,Maw,
10/8/2019,BFCONTROL,6,60,G,Ice,Maw,
10/8/2019,BFCONTROL,7,64,G,Ice,Maw,
10/8/2019,BFCONTROL,8,69,G,Ice,Maw,
10/8/2019,BFCONTROL,9,71,G,Ice,Maw,
10/8/2019,BFCONTROL,10,67,G,Ice,Maw,
10/2/2020,BFCONTROL,1,59,G,Ice,Maw,
10/2/2020,BFCONTROL,2,52,G,Ice,Maw,
10/2/2020,BFCONTROL,3,56,G,Ice,Maw,
10/2/2020,BFCONTROL,4,49,G,Ice,Maw,
10/2/2020,BFCONTROL,5,30,G,Ice,Maw,
10/2/2020,BFCONTROL,6,56,G,Ice,Maw,
10/2/2020,BFCONTROL,7,55,G,Ice,Maw,
10/2/2020,BFCONTROL,8,67,G,Ice,Maw,
10/2/2020,BFCONTROL,9,62,G,Ice,Maw,
10/2/2020,BFCONTROL,10,70,G,Ice,Maw,
9/21/2021,BFCONTROL,1,60,G,Ice,"MAW, OPH",
9/21/2021,BFCONTROL,2,58,G,Ice,"MAW, OPH",
9/21/2021,BFCONTROL,3,62,G,Ice,"MAW, OPH",
9/21/2021,BFCONTROL,4,61,G,Ice,"MAW, OPH",
9/21/2021,BFCONTROL,5,54,G,Ice,"MAW, OPH",
9/21/2021,BFCONTROL,6,52,G,Ice,"MAW, OPH",
9/21/2021,BFCONTROL,7,62,G,Ice,"MAW, OPH",
9/21/2021,BFCONTROL,8,64,G,Ice,"MAW, OPH",
9/21/2021,BFCONTROL,9,68,G,Ice,"MAW, OPH",
9/21/2021,BFCONTROL,10,63,G,Ice,"MAW, OPH",
9/27/2022,BFCONTROL,1,49,G,Ice,Jh,
9/27/2022,BFCONTROL,2,58,G,Ice,Jh,
9/27/2022,BFCONTROL,3,52,G,Ice,Jh,
9/27/2022,BFCONTROL,4,52,G,Ice,Jh,
9/27/2022,BFCONTROL,5,58,G,Ice,Jh,
9/27/2022,BFCONTROL,6,44,G,Ice,Jh,
9/27/2022,BFCONTROL,7,57,G,Ice,Jh,
9/27/2022,BFCONTROL,8,56,G,Ice,Jh,
9/27/2022,BFCONTROL,9,58,G,Ice,Jh,
9/27/2022,BFCONTROL,10,62,G,Ice,Jh,
10/3/2023,BFCONTROL,1,57,G,Ice,KO,
10/3/2023,BFCONTROL,2,51,G,Ice,KO,
10/3/2023,BFCONTROL,3,50,G,Ice,KO,
10/3/2023,BFCONTROL,4,40,G,Ice,KO,
10/3/2023,BFCONTROL,5,43,G,Ice,KO,
10/3/2023,BFCONTROL,6,52,G,Ice,KO,
10/3/2023,BFCONTROL,7,53,G,Ice,KO,
10/3/2023,BFCONTROL,8,43,G,Ice,KO,
10/3/2023,BFCONTROL,9,55,G,Ice,KO,
10/3/2023,BFCONTROL,10,67,G,Ice,KO,
9/10/2004,BFFIRELINEBURNED,1,55,G,,,
9/10/2004,BFFIRELINEBURNED,2,67,G,,,
9/10/2004,BFFIRELINEBURNED,3,70,G,,,
9/10/2004,BFFIRELINEBURNED,4,70,G,,,
9/10/2004,BFFIRELINEBURNED,5,59,G,,,
9/10/2004,BFFIRELINEBURNED,6,60,G,,,
9/10/2004,BFFIRELINEBURNED,7,60,G,,,
9/10/2004,BFFIRELINEBURNED,8,55,G,,,
9/10/2004,BFFIRELINEBURNED,9,50,G,,,
9/10/2004,BFFIRELINEBURNED,10,55,G,,,
9/10/2005,BFFIRELINEBURNED,1,150,G,,,
9/10/2005,BFFIRELINEBURNED,2,145,G,,,
9/10/2005,BFFIRELINEBURNED,3,150,G,,,
9/10/2005,BFFIRELINEBURNED,4,137,G,,,
9/10/2005,BFFIRELINEBURNED,5,114,G,,,
9/10/2005,BFFIRELINEBURNED,6,97,G,,,
9/10/2005,BFFIRELINEBURNED,7,85,G,,,
9/10/2005,BFFIRELINEBURNED,8,88,G,,,
9/10/2005,BFFIRELINEBURNED,9,90,G,,,
9/10/2005,BFFIRELINEBURNED,10,87,G,,,
9/12/2006,BFFIRELINEBURNED,1,170,G,,,
9/12/2006,BFFIRELINEBURNED,2,173,G,,,
9/12/2006,BFFIRELINEBURNED,3,175,G,,,
9/12/2006,BFFIRELINEBURNED,4,159,G,,,
9/12/2006,BFFIRELINEBURNED,5,138,G,,,
9/12/2006,BFFIRELINEBURNED,6,113,G,,,
9/12/2006,BFFIRELINEBURNED,7,94,G,,,
9/12/2006,BFFIRELINEBURNED,8,95,G,,,
9/12/2006,BFFIRELINEBURNED,9,94,G,,,
9/12/2006,BFFIRELINEBURNED,10,102,G,,,
9/13/2007,BFFIRELINEBURNED,1,198,G,,,
9/13/2007,BFFIRELINEBURNED,2,202,G,,,
9/13/2007,BFFIRELINEBURNED,3,194,G,,,
9/13/2007,BFFIRELINEBURNED,4,174,G,,,
9/13/2007,BFFIRELINEBURNED,5,146,G,,,
9/13/2007,BFFIRELINEBURNED,6,110,G,,,
9/13/2007,BFFIRELINEBURNED,7,103,G,,,
9/13/2007,BFFIRELINEBURNED,8,109,G,,,
9/13/2007,BFFIRELINEBURNED,9,106,G,,,
9/13/2007,BFFIRELINEBURNED,10,111,G,,,
9/23/2008,BFFIRELINEBURNED,1,220,G,,,
9/23/2008,BFFIRELINEBURNED,2,212,G,,,
9/23/2008,BFFIRELINEBURNED,3,202,G,,,
9/23/2008,BFFIRELINEBURNED,4,185,G,,,
9/23/2008,BFFIRELINEBURNED,5,160,G,,,
9/23/2008,BFFIRELINEBURNED,6,128,G,,,
9/23/2008,BFFIRELINEBURNED,7,93,G,,,
9/23/2008,BFFIRELINEBURNED,8,93,G,,,
9/23/2008,BFFIRELINEBURNED,9,85,G,,,
9/23/2008,BFFIRELINEBURNED,10,93,G,,,
9/21/2009,BFFIRELINEBURNED,1,210,G,,,
9/21/2009,BFFIRELINEBURNED,2,210,G,,,
9/21/2009,BFFIRELINEBURNED,3,187,G,,,
9/21/2009,BFFIRELINEBURNED,4,184,G,,,
9/21/2009,BFFIRELINEBURNED,5,156,G,,,
9/21/2009,BFFIRELINEBURNED,6,80,G,,,
9/21/2009,BFFIRELINEBURNED,7,83,G,,,
9/21/2009,BFFIRELINEBURNED,8,82,G,,,
9/21/2009,BFFIRELINEBURNED,9,66,G,,,
9/21/2009,BFFIRELINEBURNED,10,72,G,,,
9/29/2010,BFFIRELINEBURNED,1,218,G,,,
9/29/2010,BFFIRELINEBURNED,2,218,G,,,
9/29/2010,BFFIRELINEBURNED,3,203,G,,,
9/29/2010,BFFIRELINEBURNED,4,181,G,,,
9/29/2010,BFFIRELINEBURNED,5,174,G,,,
9/29/2010,BFFIRELINEBURNED,6,106,G,,,
9/29/2010,BFFIRELINEBURNED,7,85,G,,,
9/29/2010,BFFIRELINEBURNED,8,77,G,,,
9/29/2010,BFFIRELINEBURNED,9,69,G,,,
9/29/2010,BFFIRELINEBURNED,10,82,G,,,
9/27/2011,BFFIRELINEBURNED,1,220,G,,,
9/27/2011,BFFIRELINEBURNED,2,222,G,,,
9/27/2011,BFFIRELINEBURNED,3,215,G,,,
9/27/2011,BFFIRELINEBURNED,4,192,G,,,
9/27/2011,BFFIRELINEBURNED,5,167,G,,,
9/27/2011,BFFIRELINEBURNED,6,128,G,,,
9/27/2011,BFFIRELINEBURNED,7,105,G,,,
9/27/2011,BFFIRELINEBURNED,8,85,G,,,
9/27/2011,BFFIRELINEBURNED,9,87,G,,,
9/27/2011,BFFIRELINEBURNED,10,100,G,,,
9/25/2012,BFFIRELINEBURNED,1,235,G,,,
9/25/2012,BFFIRELINEBURNED,2,227,G,,,
9/25/2012,BFFIRELINEBURNED,3,212,G,,,
9/25/2012,BFFIRELINEBURNED,4,195,G,,,
9/25/2012,BFFIRELINEBURNED,5,166,G,,,
9/25/2012,BFFIRELINEBURNED,6,124,G,,,
9/25/2012,BFFIRELINEBURNED,7,82,G,,,
9/25/2012,BFFIRELINEBURNED,8,77,G,,,
9/25/2012,BFFIRELINEBURNED,9,74,G,,,
9/25/2012,BFFIRELINEBURNED,10,104,G,,,
10/2/2013,BFFIRELINEBURNED,1,231,G,,,
10/2/2013,BFFIRELINEBURNED,2,217,G,,,
10/2/2013,BFFIRELINEBURNED,3,224,G,,,
10/2/2013,BFFIRELINEBURNED,4,200,G,,,
10/2/2013,BFFIRELINEBURNED,5,171,G,,,
10/2/2013,BFFIRELINEBURNED,6,160,G,,,
10/2/2013,BFFIRELINEBURNED,7,73,G,,,
10/2/2013,BFFIRELINEBURNED,8,61,G,,,
10/2/2013,BFFIRELINEBURNED,9,64,G,,,
10/2/2013,BFFIRELINEBURNED,10,66,G,,,
9/24/2014,BFFIRELINEBURNED,1,252,G,,,
9/24/2014,BFFIRELINEBURNED,2,248,G,,,
9/24/2014,BFFIRELINEBURNED,3,252,G,,,
9/24/2014,BFFIRELINEBURNED,4,216,G,,,
9/24/2014,BFFIRELINEBURNED,5,188,G,,,
9/24/2014,BFFIRELINEBURNED,6,175,G,,,
9/24/2014,BFFIRELINEBURNED,7,118,G,,,
9/24/2014,BFFIRELINEBURNED,8,100,G,,,
9/24/2014,BFFIRELINEBURNED,9,96,G,,,
9/24/2014,BFFIRELINEBURNED,10,108,G,,,
9/18/2015,BFFIRELINEBURNED,1,246,G,,,
9/18/2015,BFFIRELINEBURNED,2,226,G,,,
9/18/2015,BFFIRELINEBURNED,3,231,G,,,
9/18/2015,BFFIRELINEBURNED,4,204,G,,,
9/18/2015,BFFIRELINEBURNED,5,177,G,,,
9/18/2015,BFFIRELINEBURNED,6,166,G,,,
9/18/2015,BFFIRELINEBURNED,7,117,G,,,
9/18/2015,BFFIRELINEBURNED,8,100,G,,,
9/18/2015,BFFIRELINEBURNED,9,121,G,,,
9/18/2015,BFFIRELINEBURNED,10,99,G,,,
9/28/2016,BFFIRELINEBURNED,1,262,G,,,
9/28/2016,BFFIRELINEBURNED,2,273,G,,,
9/28/2016,BFFIRELINEBURNED,3,260,G,,,
9/28/2016,BFFIRELINEBURNED,4,249,G,,,
9/28/2016,BFFIRELINEBURNED,5,205,G,,,
9/28/2016,BFFIRELINEBURNED,6,185,G,,,
9/28/2016,BFFIRELINEBURNED,7,135,G,,,
9/28/2016,BFFIRELINEBURNED,8,125,G,,,
9/28/2016,BFFIRELINEBURNED,9,129,G,,,
9/28/2016,BFFIRELINEBURNED,10,122,G,,,
9/29/2017,BFFIRELINEBURNED,1,257,G,,,
9/29/2017,BFFIRELINEBURNED,2,257,G,,,
9/29/2017,BFFIRELINEBURNED,3,255,G,,,
9/29/2017,BFFIRELINEBURNED,4,235,G,,,
9/29/2017,BFFIRELINEBURNED,5,207,G,,,
9/29/2017,BFFIRELINEBURNED,6,184,G,,,
9/29/2017,BFFIRELINEBURNED,7,140,G,,,
9/29/2017,BFFIRELINEBURNED,8,120,G,,,
9/29/2017,BFFIRELINEBURNED,9,118,G,,,
9/29/2017,BFFIRELINEBURNED,10,78,G,,,
10/9/2018,BFFIRELINEBURNED,1,268,G,,,
10/9/2018,BFFIRELINEBURNED,2,270,G,,,
10/9/2018,BFFIRELINEBURNED,3,214,G,,,
10/9/2018,BFFIRELINEBURNED,4,253,G,,,
10/9/2018,BFFIRELINEBURNED,5,205,G,,,
10/9/2018,BFFIRELINEBURNED,6,192,G,,,
10/9/2018,BFFIRELINEBURNED,7,166,G,,,
10/9/2018,BFFIRELINEBURNED,8,131,G,,,
10/9/2018,BFFIRELINEBURNED,9,128,G,,,
10/9/2018,BFFIRELINEBURNED,10,125,G,,,
10/8/2019,BFFIRELINEBURNED,1,277,G,Ice,Maw,
10/8/2019,BFFIRELINEBURNED,2,277,G,Ice,Maw,
10/8/2019,BFFIRELINEBURNED,3,278,G,Ice,Maw,
10/8/2019,BFFIRELINEBURNED,4,276,G,Ice,Maw,
10/8/2019,BFFIRELINEBURNED,5,250,G,Ice,Maw,
10/8/2019,BFFIRELINEBURNED,6,190,G,Ice,Maw,
10/8/2019,BFFIRELINEBURNED,7,186,G,Ice,Maw,
10/8/2019,BFFIRELINEBURNED,8,143,G,Ice,Maw,Pos. rock
10/8/2019,BFFIRELINEBURNED,9,140,G,Ice,Maw,Pos. rock
10/8/2019,BFFIRELINEBURNED,10,124,R,Rock,Maw,
10/2/2020,BFFIRELINEBURNED,1,277,G,Ice,Maw,
10/2/2020,BFFIRELINEBURNED,2,283,G,Ice,Maw,
10/2/2020,BFFIRELINEBURNED,3,268,G,Ice,Maw,
10/2/2020,BFFIRELINEBURNED,4,261,G,Ice,Maw,
10/2/2020,BFFIRELINEBURNED,5,227,G,Ice,Maw,
10/2/2020,BFFIRELINEBURNED,6,208,G,Ice,Maw,
10/2/2020,BFFIRELINEBURNED,7,192,G,Ice,Maw,
10/2/2020,BFFIRELINEBURNED,8,143,G,Ice,Maw,
10/2/2020,BFFIRELINEBURNED,9,145,G,Ice,Maw,
10/2/2020,BFFIRELINEBURNED,10,135,G,Rock,Maw,
9/21/2021,BFFIRELINEBURNED,1,281,G,Ice,"MAW, OPH",
9/21/2021,BFFIRELINEBURNED,2,303,G,Ice,"MAW, OPH",
9/21/2021,BFFIRELINEBURNED,3,268,G,Ice,"MAW, OPH",
9/21/2021,BFFIRELINEBURNED,4,266,G,Ice,"MAW, OPH",
9/21/2021,BFFIRELINEBURNED,5,256,G,Ice,"MAW, OPH",
9/21/2021,BFFIRELINEBURNED,6,212,G,Ice,"MAW, OPH",
9/21/2021,BFFIRELINEBURNED,7,194,G,Ice,"MAW, OPH",
9/21/2021,BFFIRELINEBURNED,8,183,G,Ice,"MAW, OPH",
9/21/2021,BFFIRELINEBURNED,9,154,G,Ice,"MAW, OPH",
9/21/2021,BFFIRELINEBURNED,10,133,G,Ice,"MAW, OPH",
9/27/2022,BFFIRELINEBURNED,1,267,G,Ice,Jh,
9/27/2022,BFFIRELINEBURNED,2,262,G,Ice,Jh,
9/27/2022,BFFIRELINEBURNED,3,268,G,Rock,Jh,
9/27/2022,BFFIRELINEBURNED,4,250,G,Ice,Jh,
9/27/2022,BFFIRELINEBURNED,5,250,G,Ice,Jh,
9/27/2022,BFFIRELINEBURNED,6,200,G,Ice,Jh,
9/27/2022,BFFIRELINEBURNED,7,185,G,Ice,Jh,
9/27/2022,BFFIRELINEBURNED,8,143,G,Ice,Jh,
9/27/2022,BFFIRELINEBURNED,9,132,G,Ice,Jh,
9/27/2022,BFFIRELINEBURNED,10,130,G,Ice,Jh,
10/3/2023,BFFIRELINEBURNED,1,268,G,Ice,KO,
10/3/2023,BFFIRELINEBURNED,2,275,G,Ice,KO,
10/3/2023,BFFIRELINEBURNED,3,266,G,Ice,KO,
10/3/2023,BFFIRELINEBURNED,4,250,G,Ice,KO,
10/3/2023,BFFIRELINEBURNED,5,229,G,Ice,KO,
10/3/2023,BFFIRELINEBURNED,6,205,G,Ice,KO,
10/3/2023,BFFIRELINEBURNED,7,177,G,Ice,KO,
10/3/2023,BFFIRELINEBURNED,8,133,G,Ice,KO,
10/3/2023,BFFIRELINEBURNED,9,130,G,Ice,KO,
10/3/2023,BFFIRELINEBURNED,10,127,G,Ice,KO,
9/10/2004,BFFIRELINEUNBURNED,1,50,G,,,
9/10/2004,BFFIRELINEUNBURNED,2,42,G,,,
9/10/2004,BFFIRELINEUNBURNED,3,55,G,,,
9/10/2004,BFFIRELINEUNBURNED,4,46,G,,,
9/10/2004,BFFIRELINEUNBURNED,5,56,G,,,
9/10/2004,BFFIRELINEUNBURNED,6,49,G,,,
9/10/2004,BFFIRELINEUNBURNED,7,33,G,,,
9/10/2004,BFFIRELINEUNBURNED,8,43,G,,,
9/10/2004,BFFIRELINEUNBURNED,9,46,G,,,
9/10/2004,BFFIRELINEUNBURNED,10,40,G,,,
9/10/2005,BFFIRELINEUNBURNED,1,71,G,,,
9/10/2005,BFFIRELINEUNBURNED,2,56,G,,,
9/10/2005,BFFIRELINEUNBURNED,3,59,G,,,
9/10/2005,BFFIRELINEUNBURNED,4,55,G,,,
9/10/2005,BFFIRELINEUNBURNED,5,64,G,,,
9/10/2005,BFFIRELINEUNBURNED,6,70,G,,,
9/10/2005,BFFIRELINEUNBURNED,7,53,G,,,
9/10/2005,BFFIRELINEUNBURNED,8,63,G,,,
9/10/2005,BFFIRELINEUNBURNED,9,66,G,,,
9/10/2005,BFFIRELINEUNBURNED,10,55,G,,,
9/12/2006,BFFIRELINEUNBURNED,1,74,G,,,
9/12/2006,BFFIRELINEUNBURNED,2,55,G,,,
9/12/2006,BFFIRELINEUNBURNED,3,54,G,,,
9/12/2006,BFFIRELINEUNBURNED,4,56,G,,,
9/12/2006,BFFIRELINEUNBURNED,5,61,G,,,
9/12/2006,BFFIRELINEUNBURNED,6,68,G,,,
9/12/2006,BFFIRELINEUNBURNED,7,53,G,,,
9/12/2006,BFFIRELINEUNBURNED,8,65,G,,,
9/12/2006,BFFIRELINEUNBURNED,9,62,G,,,
9/12/2006,BFFIRELINEUNBURNED,10,56,G,,,
9/13/2007,BFFIRELINEUNBURNED,1,75,G,,,
9/13/2007,BFFIRELINEUNBURNED,2,56,G,,,
9/13/2007,BFFIRELINEUNBURNED,3,55,G,,,
9/13/2007,BFFIRELINEUNBURNED,4,57,G,,,
9/13/2007,BFFIRELINEUNBURNED,5,66,G,,,
9/13/2007,BFFIRELINEUNBURNED,6,72,G,,,
9/13/2007,BFFIRELINEUNBURNED,7,59,G,,,
9/13/2007,BFFIRELINEUNBURNED,8,71,G,,,
9/13/2007,BFFIRELINEUNBURNED,9,66,G,,,
9/13/2007,BFFIRELINEUNBURNED,10,56,G,,,
9/23/2008,BFFIRELINEUNBURNED,1,76,G,,,
9/23/2008,BFFIRELINEUNBURNED,2,51,G,,,
9/23/2008,BFFIRELINEUNBURNED,3,59,G,,,
9/23/2008,BFFIRELINEUNBURNED,4,54,G,,,
9/23/2008,BFFIRELINEUNBURNED,5,65,G,,,
9/23/2008,BFFIRELINEUNBURNED,6,72,G,,,
9/23/2008,BFFIRELINEUNBURNED,7,57,G,,,
9/23/2008,BFFIRELINEUNBURNED,8,63,G,,,
9/23/2008,BFFIRELINEUNBURNED,9,68,G,,,
9/23/2008,BFFIRELINEUNBURNED,10,55,G,,,
9/21/2009,BFFIRELINEUNBURNED,1,79,G,,,
9/21/2009,BFFIRELINEUNBURNED,2,55,G,,,
9/21/2009,BFFIRELINEUNBURNED,3,59,G,,,
9/21/2009,BFFIRELINEUNBURNED,4,54,G,,,
9/21/2009,BFFIRELINEUNBURNED,5,63,G,,,
9/21/2009,BFFIRELINEUNBURNED,6,72,G,,,
9/21/2009,BFFIRELINEUNBURNED,7,63,G,,,
9/21/2009,BFFIRELINEUNBURNED,8,62,G,,,
9/21/2009,BFFIRELINEUNBURNED,9,67,G,,,
9/21/2009,BFFIRELINEUNBURNED,10,50,G,,,
9/29/2010,BFFIRELINEUNBURNED,1,78,G,,,
9/29/2010,BFFIRELINEUNBURNED,2,55,G,,,
9/29/2010,BFFIRELINEUNBURNED,3,62,G,,,
9/29/2010,BFFIRELINEUNBURNED,4,58,G,,,
9/29/2010,BFFIRELINEUNBURNED,5,67,G,,,
9/29/2010,BFFIRELINEUNBURNED,6,79,G,,,
9/29/2010,BFFIRELINEUNBURNED,7,64,G,,,
9/29/2010,BFFIRELINEUNBURNED,8,66,G,,,
9/29/2010,BFFIRELINEUNBURNED,9,68,G,,,
9/29/2010,BFFIRELINEUNBURNED,10,53,G,,,
9/27/2011,BFFIRELINEUNBURNED,1,77,G,,,
9/27/2011,BFFIRELINEUNBURNED,2,58,G,,,
9/27/2011,BFFIRELINEUNBURNED,3,60,G,,,
9/27/2011,BFFIRELINEUNBURNED,4,60,G,,,
9/27/2011,BFFIRELINEUNBURNED,5,66,G,,,
9/27/2011,BFFIRELINEUNBURNED,6,75,G,,,
9/27/2011,BFFIRELINEUNBURNED,7,63,G,,,
9/27/2011,BFFIRELINEUNBURNED,8,62,G,,,
9/27/2011,BFFIRELINEUNBURNED,9,65,G,,,
9/27/2011,BFFIRELINEUNBURNED,10,51,G,,,
9/25/2012,BFFIRELINEUNBURNED,1,66,G,,,
9/25/2012,BFFIRELINEUNBURNED,2,59,G,,,
9/25/2012,BFFIRELINEUNBURNED,3,59,G,,,
9/25/2012,BFFIRELINEUNBURNED,4,57,G,,,
9/25/2012,BFFIRELINEUNBURNED,5,70,G,,,
9/25/2012,BFFIRELINEUNBURNED,6,76,G,,,
9/25/2012,BFFIRELINEUNBURNED,7,57,G,,,
9/25/2012,BFFIRELINEUNBURNED,8,65,G,,,
9/25/2012,BFFIRELINEUNBURNED,9,62,G,,,
9/25/2012,BFFIRELINEUNBURNED,10,52,G,,,
10/2/2013,BFFIRELINEUNBURNED,1,63,G,,,
10/2/2013,BFFIRELINEUNBURNED,2,52,G,,,
10/2/2013,BFFIRELINEUNBURNED,3,58,G,,,
10/2/2013,BFFIRELINEUNBURNED,4,56,G,,,
10/2/2013,BFFIRELINEUNBURNED,5,63,G,,,
10/2/2013,BFFIRELINEUNBURNED,6,71,G,,,
10/2/2013,BFFIRELINEUNBURNED,7,60,G,,,
10/2/2013,BFFIRELINEUNBURNED,8,54,G,,,
10/2/2013,BFFIRELINEUNBURNED,9,60,G,,,
10/2/2013,BFFIRELINEUNBURNED,10,48,G,,,
9/24/2014,BFFIRELINEUNBURNED,1,69,G,,,
9/24/2014,BFFIRELINEUNBURNED,2,61,G,,,
9/24/2014,BFFIRELINEUNBURNED,3,64,G,,,
9/24/2014,BFFIRELINEUNBURNED,4,56,G,,,
9/24/2014,BFFIRELINEUNBURNED,5,65,G,,,
9/24/2014,BFFIRELINEUNBURNED,6,70,G,,,
9/24/2014,BFFIRELINEUNBURNED,7,62,G,,,
9/24/2014,BFFIRELINEUNBURNED,8,71,G,,,
9/24/2014,BFFIRELINEUNBURNED,9,67,G,,,
9/24/2014,BFFIRELINEUNBURNED,10,53,G,,,
9/18/2015,BFFIRELINEUNBURNED,1,73,G,,,
9/18/2015,BFFIRELINEUNBURNED,2,57,G,,,
9/18/2015,BFFIRELINEUNBURNED,3,58,G,,,
9/18/2015,BFFIRELINEUNBURNED,4,55,G,,,
9/18/2015,BFFIRELINEUNBURNED,5,64,G,,,
9/18/2015,BFFIRELINEUNBURNED,6,75,G,,,
9/18/2015,BFFIRELINEUNBURNED,7,63,G,,,
9/18/2015,BFFIRELINEUNBURNED,8,62,G,,,
9/18/2015,BFFIRELINEUNBURNED,9,68,G,,,
9/18/2015,BFFIRELINEUNBURNED,10,52,G,,,
9/28/2016,BFFIRELINEUNBURNED,1,77,G,,,
9/28/2016,BFFIRELINEUNBURNED,2,73,G,,,
9/28/2016,BFFIRELINEUNBURNED,3,69,G,,,
9/28/2016,BFFIRELINEUNBURNED,4,70,G,,,
9/28/2016,BFFIRELINEUNBURNED,5,80,G,,,
9/28/2016,BFFIRELINEUNBURNED,6,87,G,,,
9/28/2016,BFFIRELINEUNBURNED,7,68,G,,,
9/28/2016,BFFIRELINEUNBURNED,8,65,G,,,
9/28/2016,BFFIRELINEUNBURNED,9,74,G,,,
9/28/2016,BFFIRELINEUNBURNED,10,61,G,,,
9/29/2017,BFFIRELINEUNBURNED,1,65,G,,,
9/29/2017,BFFIRELINEUNBURNED,2,59,G,,,
9/29/2017,BFFIRELINEUNBURNED,3,58,G,,,
9/29/2017,BFFIRELINEUNBURNED,4,55,G,,,
9/29/2017,BFFIRELINEUNBURNED,5,66,G,,,
9/29/2017,BFFIRELINEUNBURNED,6,75,G,,,
9/29/2017,BFFIRELINEUNBURNED,7,63,G,,,
9/29/2017,BFFIRELINEUNBURNED,8,69,G,,,
9/29/2017,BFFIRELINEUNBURNED,9,71,G,,,
9/29/2017,BFFIRELINEUNBURNED,10,59,G,,,
10/9/2018,BFFIRELINEUNBURNED,1,81,G,,,
10/9/2018,BFFIRELINEUNBURNED,2,68,G,,,
10/9/2018,BFFIRELINEUNBURNED,3,77,G,,,
10/9/2018,BFFIRELINEUNBURNED,4,61,G,,,
10/9/2018,BFFIRELINEUNBURNED,5,65,G,,,
10/9/2018,BFFIRELINEUNBURNED,6,70,G,,,
10/9/2018,BFFIRELINEUNBURNED,7,61,G,,,
10/9/2018,BFFIRELINEUNBURNED,8,59,G,,,
10/9/2018,BFFIRELINEUNBURNED,9,65,G,,,
10/9/2018,BFFIRELINEUNBURNED,10,49,G,,,
10/8/2019,BFFIRELINEUNBURNED,1,93,G,Ice,Maw,This is walkdown
10/8/2019,BFFIRELINEUNBURNED,2,76,G,Ice,Maw,
10/8/2019,BFFIRELINEUNBURNED,3,76,G,Ice,Maw,
10/8/2019,BFFIRELINEUNBURNED,4,67,G,Ice,Maw,
10/8/2019,BFFIRELINEUNBURNED,5,85,G,Ice,Maw,
10/8/2019,BFFIRELINEUNBURNED,6,74,G,Ice,Maw,
10/8/2019,BFFIRELINEUNBURNED,7,57,G,Ice,Maw,
10/8/2019,BFFIRELINEUNBURNED,8,62,G,Ice,Maw,
10/8/2019,BFFIRELINEUNBURNED,9,73,G,Ice,Maw,
10/8/2019,BFFIRELINEUNBURNED,10,52,G,Ice,Maw,
10/2/2020,BFFIRELINEUNBURNED,1,85,G,Ice,Maw,
10/2/2020,BFFIRELINEUNBURNED,2,54,G,Ice,Maw,
10/2/2020,BFFIRELINEUNBURNED,3,75,G,Ice,Maw,
10/2/2020,BFFIRELINEUNBURNED,4,64,G,Ice,Maw,
10/2/2020,BFFIRELINEUNBURNED,5,63,G,Ice,Maw,
10/2/2020,BFFIRELINEUNBURNED,6,76,G,Ice,Maw,
10/2/2020,BFFIRELINEUNBURNED,7,64,G,Ice,Maw,
10/2/2020,BFFIRELINEUNBURNED,8,63,G,Ice,Maw,
10/2/2020,BFFIRELINEUNBURNED,9,68,G,Ice,Maw,
10/2/2020,BFFIRELINEUNBURNED,10,55,G,Ice,Maw,
9/21/2021,BFFIRELINEUNBURNED,1,66,G,Ice,"MAW, OPH",
9/21/2021,BFFIRELINEUNBURNED,2,45,G,Ice,"MAW, OPH",
9/21/2021,BFFIRELINEUNBURNED,3,65,G,Ice,"MAW, OPH",
9/21/2021,BFFIRELINEUNBURNED,4,67,G,Ice,"MAW, OPH",
9/21/2021,BFFIRELINEUNBURNED,5,61,G,Ice,"MAW, OPH",
9/21/2021,BFFIRELINEUNBURNED,6,76,G,Ice,"MAW, OPH",
9/21/2021,BFFIRELINEUNBURNED,7,66,G,Ice,"MAW, OPH",
9/21/2021,BFFIRELINEUNBURNED,8,62,G,Ice,"MAW, OPH",
9/21/2021,BFFIRELINEUNBURNED,9,70,G,Ice,"MAW, OPH",
9/21/2021,BFFIRELINEUNBURNED,10,53,G,Ice,"MAW, OPH",
9/27/2022,BFFIRELINEUNBURNED,1,72,G,Ice,Jh,
9/27/2022,BFFIRELINEUNBURNED,2,68,G,Ice,Jh,
9/27/2022,BFFIRELINEUNBURNED,3,62,G,Ice,Jh,
9/27/2022,BFFIRELINEUNBURNED,4,55,G,Ice,Jh,
9/27/2022,BFFIRELINEUNBURNED,5,61,G,Ice,Jh,
9/27/2022,BFFIRELINEUNBURNED,6,70,G,Ice,Jh,
9/27/2022,BFFIRELINEUNBURNED,7,58,G,Ice,Jh,
9/27/2022,BFFIRELINEUNBURNED,8,63,G,Ice,Jh,
9/27/2022,BFFIRELINEUNBURNED,9,64,G,Ice,Jh,
9/27/2022,BFFIRELINEUNBURNED,10,57,G,Ice,Jh,
10/3/2023,BFFIRELINEUNBURNED,1,66,G,Ice,KO,
10/3/2023,BFFIRELINEUNBURNED,2,62,G,Ice,KO,
10/3/2023,BFFIRELINEUNBURNED,3,58,G,Ice,KO,
10/3/2023,BFFIRELINEUNBURNED,4,54,G,Ice,KO,
10/3/2023,BFFIRELINEUNBURNED,5,68,G,Ice,KO,
10/3/2023,BFFIRELINEUNBURNED,6,71,G,Ice,KO,
10/3/2023,BFFIRELINEUNBURNED,7,58,G,Ice,KO,
10/3/2023,BFFIRELINEUNBURNED,8,59,G,Ice,KO,
10/3/2023,BFFIRELINEUNBURNED,9,65,G,Ice,KO,
10/3/2023,BFFIRELINEUNBURNED,10,51,G,Ice,KO,
9/10/2004,BFSAFETYZONE,1,90,G,,,
9/10/2004,BFSAFETYZONE,2,60,G,,,
9/10/2004,BFSAFETYZONE,3,65,G,,,
9/10/2004,BFSAFETYZONE,4,62,G,,,
9/10/2004,BFSAFETYZONE,5,69,G,,,
9/10/2004,BFSAFETYZONE,6,85,G,,,
9/10/2004,BFSAFETYZONE,7,55,G,,,
9/10/2004,BFSAFETYZONE,8,62,G,,,
9/10/2004,BFSAFETYZONE,9,58,G,,,
9/10/2004,BFSAFETYZONE,10,62,G,,,
9/10/2005,BFSAFETYZONE,1,125,G,,,
9/10/2005,BFSAFETYZONE,2,97,G,,,
9/10/2005,BFSAFETYZONE,3,92,G,,,
9/10/2005,BFSAFETYZONE,4,93,G,,,
9/10/2005,BFSAFETYZONE,5,94,G,,,
9/10/2005,BFSAFETYZONE,6,112,G,,,
9/10/2005,BFSAFETYZONE,7,100,G,,,
9/10/2005,BFSAFETYZONE,8,105,G,,,
9/10/2005,BFSAFETYZONE,9,100,G,,,
9/10/2005,BFSAFETYZONE,10,113,G,,,
9/12/2006,BFSAFETYZONE,1,139,G,,,
9/12/2006,BFSAFETYZONE,2,115,G,,,
9/12/2006,BFSAFETYZONE,3,115,G,,,
9/12/2006,BFSAFETYZONE,4,104,G,,,
9/12/2006,BFSAFETYZONE,5,109,G,,,
9/12/2006,BFSAFETYZONE,6,131,G,,,
9/12/2006,BFSAFETYZONE,7,118,G,,,
9/12/2006,BFSAFETYZONE,8,119,G,,,
9/12/2006,BFSAFETYZONE,9,116,G,,,
9/12/2006,BFSAFETYZONE,10,125,G,,,
9/13/2007,BFSAFETYZONE,1,153,G,,,
9/13/2007,BFSAFETYZONE,2,123,G,,,
9/13/2007,BFSAFETYZONE,3,125,G,,,
9/13/2007,BFSAFETYZONE,4,116,G,,,
9/13/2007,BFSAFETYZONE,5,125,G,,,
9/13/2007,BFSAFETYZONE,6,147,G,,,
9/13/2007,BFSAFETYZONE,7,123,G,,,
9/13/2007,BFSAFETYZONE,8,126,G,,,
9/13/2007,BFSAFETYZONE,9,125,G,,,
9/13/2007,BFSAFETYZONE,10,132,G,,,
9/23/2008,BFSAFETYZONE,1,155,G,,,
9/23/2008,BFSAFETYZONE,2,132,G,,,
9/23/2008,BFSAFETYZONE,3,125,G,,,
9/23/2008,BFSAFETYZONE,4,118,G,,,
9/23/2008,BFSAFETYZONE,5,135,G,,,
9/23/2008,BFSAFETYZONE,6,152,G,,,
9/23/2008,BFSAFETYZONE,7,123,G,,,
9/23/2008,BFSAFETYZONE,8,123,G,,,
9/23/2008,BFSAFETYZONE,9,122,G,,,
9/23/2008,BFSAFETYZONE,10,138,G,,,
9/21/2009,BFSAFETYZONE,1,170,G,,,
9/21/2009,BFSAFETYZONE,2,77,G,,,
9/21/2009,BFSAFETYZONE,3,78,G,,,
9/21/2009,BFSAFETYZONE,4,78,G,,,
9/21/2009,BFSAFETYZONE,5,131,G,,,
9/21/2009,BFSAFETYZONE,6,148,G,,,
9/21/2009,BFSAFETYZONE,7,72,G,,,
9/21/2009,BFSAFETYZONE,8,73,G,,,
9/21/2009,BFSAFETYZONE,9,81,G,,,
9/21/2009,BFSAFETYZONE,10,78,G,,,
9/29/2010,BFSAFETYZONE,1,161,G,,,
9/29/2010,BFSAFETYZONE,2,78,G,,,
9/29/2010,BFSAFETYZONE,3,88,G,,,
9/29/2010,BFSAFETYZONE,4,84,G,,,
9/29/2010,BFSAFETYZONE,5,126,G,,,
9/29/2010,BFSAFETYZONE,6,130,G,,,
9/29/2010,BFSAFETYZONE,7,76,G,,,
9/29/2010,BFSAFETYZONE,8,76,G,,,
9/29/2010,BFSAFETYZONE,9,80,G,,,
9/29/2010,BFSAFETYZONE,10,88,G,,,
9/27/2011,BFSAFETYZONE,1,155,G,,,
9/27/2011,BFSAFETYZONE,2,105,G,,,
9/27/2011,BFSAFETYZONE,3,99,G,,,
9/27/2011,BFSAFETYZONE,4,95,G,,,
9/27/2011,BFSAFETYZONE,5,136,G,,,
9/27/2011,BFSAFETYZONE,6,153,G,,,
9/27/2011,BFSAFETYZONE,7,113,G,,,
9/27/2011,BFSAFETYZONE,8,96,G,,,
9/27/2011,BFSAFETYZONE,9,90,G,,,
9/27/2011,BFSAFETYZONE,10,91,G,,,
9/25/2012,BFSAFETYZONE,1,150,G,,,
9/25/2012,BFSAFETYZONE,2,117,G,,,
9/25/2012,BFSAFETYZONE,3,111,G,,,
9/25/2012,BFSAFETYZONE,4,125,G,,,
9/25/2012,BFSAFETYZONE,5,137,G,,,
9/25/2012,BFSAFETYZONE,6,157,G,,,
9/25/2012,BFSAFETYZONE,7,130,G,,,
9/25/2012,BFSAFETYZONE,8,124,G,,,
9/25/2012,BFSAFETYZONE,9,88,G,,,
9/25/2012,BFSAFETYZONE,10,106,G,,,
10/2/2013,BFSAFETYZONE,1,135,G,,,
10/2/2013,BFSAFETYZONE,2,65,G,,,
10/2/2013,BFSAFETYZONE,3,113,G,,,
10/2/2013,BFSAFETYZONE,4,91,G,,,
10/2/2013,BFSAFETYZONE,5,133,G,,,
10/2/2013,BFSAFETYZONE,6,150,G,,,
10/2/2013,BFSAFETYZONE,7,125,G,,,
10/2/2013,BFSAFETYZONE,8,98,G,,,
10/2/2013,BFSAFETYZONE,9,84,G,,,
10/2/2013,BFSAFETYZONE,10,70,G,,,
9/24/2014,BFSAFETYZONE,1,130,G,,,
9/24/2014,BFSAFETYZONE,2,85,G,,,
9/24/2014,BFSAFETYZONE,3,84,G,,,
9/24/2014,BFSAFETYZONE,4,100,G,,,
9/24/2014,BFSAFETYZONE,5,149,G,,,
9/24/2014,BFSAFETYZONE,6,152,G,,,
9/24/2014,BFSAFETYZONE,7,127,G,,,
9/24/2014,BFSAFETYZONE,8,105,G,,,
9/24/2014,BFSAFETYZONE,9,89,G,,,
9/24/2014,BFSAFETYZONE,10,86,G,,,
9/18/2015,BFSAFETYZONE,1,163,G,,,
9/18/2015,BFSAFETYZONE,2,83,G,,,
9/18/2015,BFSAFETYZONE,3,90,G,,,
9/18/2015,BFSAFETYZONE,4,84,G,,,
9/18/2015,BFSAFETYZONE,5,136,G,,,
9/18/2015,BFSAFETYZONE,6,152,G,,,
9/18/2015,BFSAFETYZONE,7,129,G,,,
9/18/2015,BFSAFETYZONE,8,117,G,,,
9/18/2015,BFSAFETYZONE,9,84,G,,,
9/18/2015,BFSAFETYZONE,10,82,G,,,
9/28/2016,BFSAFETYZONE,1,130,G,,,
9/28/2016,BFSAFETYZONE,2,128,G,,,
9/28/2016,BFSAFETYZONE,3,127,G,,,
9/28/2016,BFSAFETYZONE,4,160,G,,,
9/28/2016,BFSAFETYZONE,5,163,G,,,
9/28/2016,BFSAFETYZONE,6,140,G,,,
9/28/2016,BFSAFETYZONE,7,129,G,,,
9/28/2016,BFSAFETYZONE,8,125,G,,,
9/28/2016,BFSAFETYZONE,9,119,G,,,
9/28/2016,BFSAFETYZONE,10,121,G,,,
9/29/2017,BFSAFETYZONE,1,159,G,,,
9/29/2017,BFSAFETYZONE,2,129,G,,,
9/29/2017,BFSAFETYZONE,3,103,G,,,
9/29/2017,BFSAFETYZONE,4,95,G,,,
9/29/2017,BFSAFETYZONE,5,163,G,,,
9/29/2017,BFSAFETYZONE,6,158,G,,,
9/29/2017,BFSAFETYZONE,7,122,G,,,
9/29/2017,BFSAFETYZONE,8,96,G,,,
9/29/2017,BFSAFETYZONE,9,91,G,,,
9/29/2017,BFSAFETYZONE,10,86,,,,
10/9/2018,BFSAFETYZONE,1,169,G,,,
10/9/2018,BFSAFETYZONE,2,118,G,,,
10/9/2018,BFSAFETYZONE,3,114,G,,,
10/9/2018,BFSAFETYZONE,4,137,G,,,
10/9/2018,BFSAFETYZONE,5,158,G,,,
10/9/2018,BFSAFETYZONE,6,159,G,,,
10/9/2018,BFSAFETYZONE,7,128,G,,,
10/9/2018,BFSAFETYZONE,8,134,G,,,
10/9/2018,BFSAFETYZONE,9,134,G,,,
10/9/2018,BFSAFETYZONE,10,119,G,,,
10/8/2019,BFSAFETYZONE,1,168,G,Ice,Maw,South side road
10/8/2019,BFSAFETYZONE,2,142,G,Ice,Maw,
10/8/2019,BFSAFETYZONE,3,128,G,Ice,Maw,
10/8/2019,BFSAFETYZONE,4,114,G,Ice,Maw,
10/8/2019,BFSAFETYZONE,5,146,G,Ice,Maw,
10/8/2019,BFSAFETYZONE,6,168,G,Ice,Maw,
10/8/2019,BFSAFETYZONE,7,148,G,Ice,Maw,
10/8/2019,BFSAFETYZONE,8,150,G,Ice,Maw,
10/8/2019,BFSAFETYZONE,9,113,G,Ice,Maw,
10/8/2019,BFSAFETYZONE,10,133,G,Ice,Maw,
10/2/2020,BFSAFETYZONE,1,168,G,Ice,Maw,
10/2/2020,BFSAFETYZONE,2,83,G,Ice,Maw,
10/2/2020,BFSAFETYZONE,3,110,G,Ice,Maw,
10/2/2020,BFSAFETYZONE,4,106,G,Ice,Maw,
10/2/2020,BFSAFETYZONE,5,159,G,Ice,Maw,
10/2/2020,BFSAFETYZONE,6,170,G,Ice,Maw,
10/2/2020,BFSAFETYZONE,7,131,G,Ice,Maw,
10/2/2020,BFSAFETYZONE,8,131,G,Ice,Maw,
10/2/2020,BFSAFETYZONE,9,102,G,Ice,Maw,
10/2/2020,BFSAFETYZONE,10,109,G,Ice,Maw,
9/21/2021,BFSAFETYZONE,1,170,G,Ice,"MAW, OPH",
9/21/2021,BFSAFETYZONE,2,82,G,Ice,"MAW, OPH",
9/21/2021,BFSAFETYZONE,3,113,G,Ice,"MAW, OPH",
9/21/2021,BFSAFETYZONE,4,108,G,Ice,"MAW, OPH",
9/21/2021,BFSAFETYZONE,5,119,G,Ice,"MAW, OPH",
9/21/2021,BFSAFETYZONE,6,171,G,Ice,"MAW, OPH",
9/21/2021,BFSAFETYZONE,7,131,G,Ice,"MAW, OPH",
9/21/2021,BFSAFETYZONE,8,134,G,Ice,"MAW, OPH",
9/21/2021,BFSAFETYZONE,9,133,G,Ice,"MAW, OPH",
9/21/2021,BFSAFETYZONE,10,128,G,Ice,"MAW, OPH",
9/27/2022,BFSAFETYZONE,1,115,G,Ice,Maw jh,
9/27/2022,BFSAFETYZONE,2,83,G,Ice,Maw jh,
9/27/2022,BFSAFETYZONE,3,102,G,Ice,Maw jh,
9/27/2022,BFSAFETYZONE,4,72,G,Ice,Maw jh,
9/27/2022,BFSAFETYZONE,5,70,G,Ice,Maw jh,
9/27/2022,BFSAFETYZONE,6,86,G,Ice,Maw jh,
9/27/2022,BFSAFETYZONE,7,74,G,Ice,Maw jh,
9/27/2022,BFSAFETYZONE,8,83,G,Ice,Maw jh,
9/27/2022,BFSAFETYZONE,9,83,G,Ice,Maw jh,
9/27/2022,BFSAFETYZONE,10,69,G,Ice,Maw jh,
10/3/2023,BFSAFETYZONE,1,97,G,Ice,KO,
10/3/2023,BFSAFETYZONE,2,78,G,Ice,KO,
10/3/2023,BFSAFETYZONE,3,84,G,Ice,KO,
10/3/2023,BFSAFETYZONE,4,72,G,Ice,KO,
10/3/2023,BFSAFETYZONE,5,78,G,Ice,KO,
10/3/2023,BFSAFETYZONE,6,92,G,Ice,KO,
10/3/2023,BFSAFETYZONE,7,129,G,Ice,KO,
10/3/2023,BFSAFETYZONE,8,107,G,Ice,KO,
10/3/2023,BFSAFETYZONE,9,85,G,Ice,KO,
10/3/2023,BFSAFETYZONE,10,98,G,Ice,KO,
10/1/2024,BFBURN,1,201,G,Ice,"KO, MTK",
10/1/2024,BFBURN,2,201,G,Ice,"KO, MTK",
10/1/2024,BFBURN,3,191,G,Ice,"KO, MTK",
10/1/2024,BFBURN,4,178,G,Ice,"KO, MTK",
10/1/2024,BFBURN,5,179,G,Ice,"KO, MTK",
10/1/2024,BFBURN,6,167,G,Ice,"KO, MTK",
10/1/2024,BFBURN,7,172,G,Ice,"KO, MTK",
10/1/2024,BFBURN,8,85,G,Ice,"KO, MTK",
10/1/2024,BFBURN,9,85,G,Ice,"KO, MTK",
10/1/2024,BFBURN,10,82,G,Ice,"KO, MTK",
10/1/2024,BFCONTROL,1,55,G,Ice,"KO, MTK",
10/1/2024,BFCONTROL,2,49,G,Ice,"KO, MTK",
10/1/2024,BFCONTROL,3,50,G,Ice,"KO, MTK",
10/1/2024,BFCONTROL,4,35,G,Ice,"KO, MTK",
10/1/2024,BFCONTROL,5,44,G,Ice,"KO, MTK",
10/1/2024,BFCONTROL,6,56,G,Ice,"KO, MTK",
10/1/2024,BFCONTROL,7,53,G,Ice,"KO, MTK",
10/1/2024,BFCONTROL,8,44,G,Ice,"KO, MTK",
10/1/2024,BFCONTROL,9,55,G,Ice,"KO, MTK",
10/1/2024,BFCONTROL,10,70,G,Ice,"KO, MTK",
10/1/2024,BFFIRELINEBURNED,1,271,G,Ice,"KO, MTK",
10/1/2024,BFFIRELINEBURNED,2,277,G,Ice,"KO, MTK",
10/1/2024,BFFIRELINEBURNED,3,271,G,Ice,"KO, MTK",
10/1/2024,BFFIRELINEBURNED,4,251,G,Ice,"KO, MTK",
10/1/2024,BFFIRELINEBURNED,5,235,G,Ice,"KO, MTK",
10/1/2024,BFFIRELINEBURNED,6,205,G,Ice,"KO, MTK",
10/1/2024,BFFIRELINEBURNED,7,186,G,Ice,"KO, MTK",
10/1/2024,BFFIRELINEBURNED,8,141,G,Ice,"KO, MTK",
10/1/2024,BFFIRELINEBURNED,9,140,G,Ice,"KO, MTK",
10/1/2024,BFFIRELINEBURNED,10,126,G,Ice,"KO, MTK",
10/1/2024,BFFIRELINEUNBURNED,1,65,G,Ice,"KO, MTK",
10/1/2024,BFFIRELINEUNBURNED,2,53,G,Ice,"KO, MTK",
10/1/2024,BFFIRELINEUNBURNED,3,57,G,Ice,"KO, MTK",
10/1/2024,BFFIRELINEUNBURNED,4,64,G,Ice,"KO, MTK",
10/1/2024,BFFIRELINEUNBURNED,5,63,G,Ice,"KO, MTK",
10/1/2024,BFFIRELINEUNBURNED,6,74,G,Ice,"KO, MTK",
10/1/2024,BFFIRELINEUNBURNED,7,56,G,Ice,"KO, MTK",
10/1/2024,BFFIRELINEUNBURNED,8,58,G,Ice,"KO, MTK",
10/1/2024,BFFIRELINEUNBURNED,9,64,G,Ice,"KO, MTK",
10/1/2024,BFFIRELINEUNBURNED,10,59,G,Ice,"KO, MTK",
10/1/2024,BFSAFETYZONE,1,100,G,Ice,"KO, MTK",
10/1/2024,BFSAFETYZONE,2,75,G,Ice,"KO, MTK",
10/1/2024,BFSAFETYZONE,3,84,G,Ice,"KO, MTK",
10/1/2024,BFSAFETYZONE,4,83,G,Ice,"KO, MTK",
10/1/2024,BFSAFETYZONE,5,79,G,Ice,"KO, MTK",
10/1/2024,BFSAFETYZONE,6,92,G,Ice,"KO, MTK",
10/1/2024,BFSAFETYZONE,7,123,G,Ice,"KO, MTK",
10/1/2024,BFSAFETYZONE,8,106,G,Ice,"KO, MTK",
10/1/2024,BFSAFETYZONE,9,87,G,Ice,"KO, MTK",
10/1/2024,BFSAFETYZONE,10,89,G,Ice,"KO, MTK",
,,,,,,,
